mBank S.A. Bankowoœæ Detaliczna;
		Skrytka Pocztowa 2108;
		90-959 £ódŸ 2;
		www.mBank.pl;
		mLinia: 801 300 800;
		+48 (42) 6 300 800;
		

#Klient;
Name Surname;

Elektroniczne zestawienie operacji;

#Za okres:;
01.12.2025;31.12.2025;
#Rodzaj rachunku;
EKONTO;
#Waluta;
PLN;
#Numer rachunku;
#Data nastêpnej kapitalizacji;
2026-01-31;
#Oprocentowanie rachunku;
0,00%;
61109010140000071219812874 ;
#Limit kredytu;
0,00 PLN;
#Oprocentowanie kredytu;
0,00%;

#Podsumowanie obrotów na rachunku;#Liczba operacji;#Wartoœæ operacji
Uznania;10;0,00 PLN;
Obci¹¿enia;69;0,00 PLN;
£¹cznie;79;0,00 PLN;

#Saldo pocz¹tkowe0,00 PLN;

#Data ksiêgowania;#Data operacji;#Opis operacji;#Tytu³;#Nadawca/Odbiorca;#Numer konta;#Kwota;#Saldo po operacji;
2025-12-01;2025-12-01;BLIK ZAKUP E-COMMERCE;"Tytul 1";"  ";'';-10,00;8,37;
2025-12-01;2025-12-01;PRZELEW ZEWNÊTRZNY WYCHODZ¥CY;"Tytul 2";"Name Surname";'61109010140000071219812874';-1 000,00;8,37;
2025-12-29;2025-12-29;PRZELEW ZEWNÊTRZNY PRZYCHODZ¥CY;"Tytul 3";"";'61109010140000071219812874';2,71;1,41;

;;;;;;#Saldo koñcowe;9,65 PLN;

Niniejszy dokument sporz¹dzono na podstawie art. 7 Ustawy Prawo Bankowe (Dz. U. Nr 140 z 1997 roku, poz.939 z póŸniejszymi zmianami).